Sigma,Db,D,Nf,lmax
0,0.987091041,0.986833202,16876.14871,19216.55954
0.005020202,1.070820171,1.07044425,19084.56633,9976.480042
0.010040404,1.151243535,1.150705847,21384.71388,5794.25612
0.015060606,1.228486869,1.22773173,23777.79267,3668.058827
0.020080808,1.302675908,1.301633698,26264.41885,2484.545259
0.02510101,1.373936387,1.372521662,28844.53973,1776.395592
0.030121212,1.442394043,1.440503796,31517.37162,1327.090306
0.035141414,1.50817461,1.505689248,34281.93915,1027.905259
0.040161616,1.571403825,1.568226818,37146.76878,820.4817542
0.045181818,1.632207423,1.628472208,40175.9255,671.6899411
0.05020202,1.690711139,1.687184809,43557.04568,561.8045087
0.055222222,1.747040709,1.745377203,47593.23587,478.5886281
0.060242424,1.801321868,1.803834789,52599.02962,414.1804978
0.065262626,1.853680353,1.862767926,58791.71507,363.3610188
0.070282828,1.904241898,1.921822325,66247.23258,322.5847567
0.07530303,1.953132239,1.980325672,74896.1799,289.3633053
0.080323232,2.000477112,2.03753883,84554.72011,261.9274918
0.085343434,2.046402253,2.09282848,94957.11337,238.9864953
0.090363636,2.091033396,2.145731207,105796.9957,219.5905167
0.095383838,2.134496277,2.195952446,116766.1634,203.0352186
0.10040404,2.176916632,2.243407104,127550.2307,188.7384295
0.105424242,2.218420197,2.288029914,137924.518,176.3264361
0.110444444,2.259132706,2.329952288,147652.2376,165.4258538
0.115464646,2.299179897,2.369302425,156574.2449,155.7795517
0.120484848,2.338687503,2.406164547,164646.4847,147.2295209
0.125505051,2.377781261,2.440803498,171732.8827,139.5485997
0.130525253,2.416586906,2.473406483,177780.2336,132.5963658
0.135545455,2.455230173,2.504080343,182854.4478,126.302637
0.140565657,2.493836799,2.532939633,187057.0054,120.605141
0.145585859,2.532532519,2.560229436,190299.7846,115.3707651
0.150606061,2.571443068,2.586113367,192562.3534,110.5201594
0.155626263,2.610694182,2.610698658,193893.3185,106.0093064
0.160646465,2.650411596,2.634062318,194390.977,101.8127563
0.165666667,2.690721047,2.656246761,194236.6535,97.92725495
0.170686869,2.731748269,2.677281754,193667.8823,94.35950529
0.175707071,2.773618998,2.697328328,192532.8827,91.0254112
0.180727273,2.816458969,2.716490838,190731.794,87.86983922
0.185747475,2.860393919,2.734824962,188246.7306,84.86444832
0.190767677,2.905549583,2.752357797,185121.3867,81.99698968
0.195787879,2.952051696,2.76910094,181442.3263,79.26436317
0.200808081,3.000025993,2.785058805,177322.222,76.66812531
0.205828283,3.049598212,2.800233691,172885.4207,74.21161422
0.210848485,3.100894086,2.814628676,168256.1722,71.89815465
0.215868687,3.154039351,2.828247935,163557.8698,69.73133891
0.220888889,3.209159743,2.84104655,159341.0314,67.78455096
0.225909091,3.266380998,2.853072513,155520.3736,66.02645179
0.230929293,3.325828852,2.864386707,151736.2007,64.38657112
0.235949495,3.387629038,2.875014479,147787.383,62.82401355
0.240969697,3.451907294,2.884963204,143587.099,61.31750434
0.245989899,3.518789355,2.894233795,139127.021,59.85820723
0.251010101,3.588400956,2.902827696,134448.3659,58.44464536
0.256030303,3.660867833,2.910750715,129619.2335,57.07920955
0.261050505,3.736315721,2.918014728,124717.8245,55.76585135
0.266070707,3.814870357,2.924638061,119820.9463,54.50864434
0.271090909,3.896657474,2.930645067,114996.9693,53.31096536
0.276111111,3.98180281,2.936065278,110302.2585,52.17510298
0.281131313,4.0704321,2.940932364,105780.0966,51.10214622
0.286151515,4.162671078,2.945283038,101461.223,50.0920446
0.291171717,4.258645481,2.949155984,97365.28512,49.14376157
0.296191919,4.358481045,2.95259086,93502.68898,48.25546792
0.301212121,4.462303504,2.955627392,89876.50851,47.42474102
0.306232323,4.570238594,2.958304586,86484.25343,46.64874942
0.311252525,4.682412052,2.960660053,83319.39816,45.92441266
0.316272727,4.798949611,2.962729475,80372.64119,45.24853227
0.321292929,4.919977009,2.964546189,77632.90401,44.61789443
0.326313131,5.04561998,2.966140912,75088.09921,44.02934666
0.331333333,5.176004261,2.967541579,72725.70451,43.47985229
0.336353535,5.311255586,2.968773296,70533.17979,42.96652652
0.341373737,5.451499691,2.969858382,68498.26065,42.48665795
0.346393939,5.596862311,2.97081649,66609.1567,42.03771886
0.351414141,5.747469183,2.971664781,64854.67788,41.61736722
0.356434343,5.903446042,2.972418128,63224.30724,41.22344289
0.361454545,6.064918623,2.973089354,61708.23452,40.85395986
0.366474747,6.232012662,2.973689455,60297.36173,40.50709605
0.371494949,6.404853895,2.974227838,58983.28929,40.18118188
0.376515152,6.583568056,2.97471238,57746.65191,39.87199484
0.381535354,6.768280882,2.975148771,56492.30755,39.55737461
0.386555556,6.959118108,2.975542889,55220.33365,39.2366611
0.391575758,7.15620547,2.975900001,53949.75351,38.91380102
0.39659596,7.359668703,2.976224595,52694.71798,38.59184597
0.401616162,7.569633543,2.976520508,51465.56033,38.27313921
0.406636364,7.786225725,2.976791027,50269.63877,37.95946245
0.411656566,8.009570984,2.977038984,49112.00531,37.65215177
0.416676768,8.239795057,2.977266825,47995.93449,37.35218936
0.42169697,8.477023679,2.977476671,46923.33987,37.06027641
0.426717172,8.721382586,2.977670368,45895.10108,36.7768912
0.431737374,8.972997512,2.97784953,44911.31999,36.50233548
0.436757576,9.231994194,2.978015572,43971.5208,36.23677162
0.441777778,9.498498367,2.978169739,43074.80593,35.98025241
0.44679798,9.772635767,2.978313131,42219.97699,35.73274496
0.451818182,10.05453213,2.978446723,41405.6284,35.49414994
0.456838384,10.34431319,2.978571379,40630.21944,35.26431706
0.461858586,10.64210468,2.978687872,39892.12945,35.04305752
0.466878788,10.94803234,2.978796891,39189.69969,34.830154
0.47189899,11.26222191,2.978899053,38521.26495,34.6253687
0.476919192,11.58479912,2.978994913,37885.17696,34.4284498
0.481939394,11.9158897,2.979084972,37279.82161,34.23913659
0.486959596,12.25561939,2.979169679,36703.6311,34.05716358
0.491979798,12.60411393,2.979249443,36155.09247,33.88226375
0.497,12.96149905,2.979324634,35632.75308,33.71417113
